Title;Description;PublishedAt
coke studio;Noreply Socionet;02/24/2020 00:54:22
__;Title;Description;PublishedAt;Kind
;Coke Studio Season 9 - Tera Woh Pyar (Nawazishein Karam) - Momina Mustehsan & Asim Azhar;Noreply Socionet;02/24/2020 00:54:47;
;Coke Studio Season 9 - Tera Woh Pyar (Nawazishein Karam) - Momina Mustehsan & Asim Azhar;Noreply Socionet;02/24/2020 00:54:59;
;Coke Studio Season 12 | Gulon Main Rang | Ali Sethi;Noreply Socionet;02/24/2020 00:55:09;
Title;Description;PublishedAt
pop music;Noreply Socionet;02/24/2020 00:53:24
__;Title;Description;PublishedAt;Kind
;M - Pop Muzik (Official Video);Noreply Socionet;02/24/2020 00:53:45;
;New Pop Songs 2020 - Top 40 Popular Songs 2020 - Best English Songs Playlist 2020;Noreply Socionet;02/24/2020 00:53:55;
